<?xml version="1.0" encoding="UTF-8"?>
<beans xmlns="http://www.springframework.org/schema/beans"
	xmlns:xsi="http://www.w3.org/2001/XMLSchema-instance" 
	xmlns:aop="http://www.springframework.org/schema/aop"	
	xmlns:context="http://www.springframework.org/schema/context"
	xmlns:util="http://www.springframework.org/schema/util"
	 xmlns:p="http://www.springframework.org/schema/p"
	 xmlns:tx="http://www.springframework.org/schema/tx"
	 xmlns:mvc="http://www.springframework.org/schema/mvc"
	xsi:schemaLocation="http://www.springframework.org/schema/beans 
	http://www.springframework.org/schema/beans/spring-beans-4.0.xsd
	 http://www.springframework.org/schema/context
     http://www.springframework.org/schema/context/spring-context-3.0.xsd
     http://www.springframework.org/schema/util 
     http://www.springframework.org/schema/util/spring-util-3.0.xsd
  http://www.springframework.org/schema/aop 
http://www.springframework.org/schema/aop/spring-aop.xsd
http://www.springframework.org/schema/mvc 
	http://www.springframework.org/schema/mvc/spring-mvc-3.2.xsd
	http://www.springframework.org/schema/tx 
		http://www.springframework.org/schema/tx/spring-tx-3.2.xsd">
	
	<bean id="customEditorConfigurer"
		class=
		"org.springframework.beans.factory.config.CustomEditorConfigurer">
		<property name="customEditors">
			<map>
				<entry key="java.sql.Date"
				 value="com.cg.bean.SQLDateEditor" />
			</map>
		</property>
	</bean>
	
	 <bean 
	 class="org.springframework.beans.factory.config.CustomEditorConfigurer">
    <property name="propertyEditorRegistrars">
        <list>
            <bean class="com.cg.bean.CustomDateEditorRegistrar" />
        </list>
    </property>
</bean> 
	
	<util:list id="cities" >
   		 <bean class="com.cg.bean.City"
         p:name="Chicago"  p:population="100000"/>
   		 <bean class="com.cg.bean.City"
         p:name="Atlanta"  p:population="200002"/>
   		 <bean class="com.cg.bean.City"
          p:name="Dallas" p:population="300000"/>
   </util:list>

	<!-- ***********Property File Configuration********** -->
	<!-- <util:properties id="userprops" location="classpath:user.properties" /> -->

<!-- ***********Property File Configuration********** -->
	<bean id="placeHolderConfig"
		class="org.springframework.beans.factory.config.PropertyPlaceholderConfigurer">
		<property name="location" value="user.properties" />
	</bean>

	<!-- ********************Bean Configuration******* -->
	<bean id="city1" class="com.cg.bean.City">
		<property name="name" value="Pune" />
		<property name="population" value="3000000" />
	</bean>

	<bean id="city2" class="com.cg.bean.City">
		<property name="name" value="Gaziabad" />
		<property name="population" value="5000000" />
	</bean>

	<bean id="city3" class="com.cg.bean.City">
		<property name="name" value="Kolkata" />
		<property name="population" value="2000000" />
	</bean>

	<bean id="offAdd" class="com.cg.bean.Address">
		<property name="state" value="MS" />
		<property name="country" value="India" />
		<property name="zipcode" value="67877" />
		<!-- <property name="city" value="#{city1}"/> -->
		<property name="city" ref="city1" />
	</bean>


	<bean id="homeAdd" class="com.cg.bean.Address">
		<property name="state" value="UP" />
		<property name="country" value="India" />
		<property name="zipcode" value="67877" />
		<property name="city" value="#{city2}" />
	</bean>

	<!-- Configure Person bean -->
	<bean id="per" class="com.cg.bean.Person">
		<property name="firstName" value="Vaishali" />
		<property name="lastName" value="Srivastava" />
		<property name="age" value="80" />
		<property name="addList">
			<list>
				<!-- <value>#{homeAdd}</value>
				<value>#{offAdd}</value> -->
				<ref bean="homeAdd"/>
				<ref bean="offAdd"/>
			</list>
		</property>
	</bean>
	<bean id="obj1" class="com.cg.bean.NewYearWishGreetImpl" scope="prototype">
	</bean>
	<!-- *********************************** -->
	<bean id="obj2" class="com.cg.bean.BirdayWishImpl">
	</bean>

	<!-- *************Setter Injection****************** -->
	<bean id="currencyConObj1" class="com.cg.bean.CurrencyConvertorImpl">
		<property name="exchangeRate" value="68" />
		<property name="countryName" value="India" />
	</bean>

	<!-- ************Constructor Injection******************* -->
	<bean id="currencyConObj2" class="com.cg.bean.CurrencyConvertorImpl">
		<constructor-arg index="0" value="30" />
		<constructor-arg index="1" value="Japan" />
	</bean>
	<bean id="e1" class="com.cg.bean.Employee">
		<property name="eid" value="#{T(java.lang.Math).random()*100}" />
		<property name="enm" value="#{per.firstName}" />
		<property name="eage" value="#{per.getAge()}" />
		<property name="empAddress" ref="offAdd" />
		<property name="esl" value="#{2345.90}" />		
		 <property name="doj"><value>getDoj()</value></property> 		
		<property name="dob" value="30-09-1999" />
	</bean>

	 <bean id="cList" class="com.cg.bean.CityList">
	  <property name="cityList"> 
			<list> 
				<value>#{city1}</value> 
				<value>#{city2}</value> 
				<value>#{city3}</value> 
			</list> 
		</property> 
		</bean> 
 
<!-- *************User Bean************** -->
	 <bean id="ur" class="com.cg.bean.User">
	 <!-- using EL syntax -->
		<!-- <property name="userName" value="#{userprops.username}"/>
		<property name="password" value="#{userprops.password}"/>
		<property name="userLocs" value="#{cities.![name]}"/> -->	
		
		 <!-- using Normal  syntax -->
		<property name="userName" value="${username}"/>
		<property name="password" value="${password}"/>
		<property name="userLocs" value="#{cities.![name]}"/>
	</bean> 

</beans>